{
  "data": {
    "total_served_vehicles": 633,
    "delay_index": 1.253749331987175,
    "average_travel_time": 106.260663507109
  }
}