{
  "data": {
    "total_served_vehicles": 958,
    "delay_index": 1.261433373310413,
    "average_travel_time": 110.47494780793319
  }
}