{
  "data": {
    "total_served_vehicles": 158,
    "delay_index": 1.1826812596644913,
    "average_travel_time": 83.4113924050633
  }
}