{
  "data": {
    "total_served_vehicles": 552,
    "delay_index": 1.2362578530545458,
    "average_travel_time": 103.30434782608695
  }
}