{
  "data": {
    "total_served_vehicles": 214,
    "delay_index": 1.2012683515436793,
    "average_travel_time": 88.00467289719626
  }
}