{
  "data": {
    "total_served_vehicles": 799,
    "delay_index": 1.262542987402767,
    "average_travel_time": 108.01747815230961
  }
}