{
  "data": {
    "total_served_vehicles": 722,
    "delay_index": 1.2613661407729118,
    "average_travel_time": 107.45429362880887
  }
}