{
  "data": {
    "total_served_vehicles": 1047,
    "delay_index": 1.2609518109846996,
    "average_travel_time": 114.02005730659026
  }
}