{
  "data": {
    "total_served_vehicles": 101,
    "delay_index": 1.176027961358702,
    "average_travel_time": 84.79411764705883
  }
}