{
  "data": {
    "total_served_vehicles": 274,
    "delay_index": 1.2091424713795687,
    "average_travel_time": 91.14598540145985
  }
}