{
  "data": {
    "total_served_vehicles": 330,
    "delay_index": 1.221173997274793,
    "average_travel_time": 95.41515151515152
  }
}