{
  "data": {
    "total_served_vehicles": 466,
    "delay_index": 1.2325394683669575,
    "average_travel_time": 100.55674518201285
  }
}