{
  "data": {
    "total_served_vehicles": 63,
    "delay_index": 1.1430388234074997,
    "average_travel_time": 82.03174603174604
  }
}