{
  "data": {
    "total_served_vehicles": 890,
    "delay_index": 1.2593081821832177,
    "average_travel_time": 108.161797752809
  }
}