{
  "data": {
    "total_served_vehicles": 387,
    "delay_index": 1.2258105973457696,
    "average_travel_time": 98.46907216494846
  }
}