{
  "data": {
    "total_served_vehicles": 1014,
    "delay_index": 1.2607009708856725,
    "average_travel_time": 112.27810650887574
  }
}