{
  "data": {
    "total_served_vehicles": 633,
    "delay_index": 1.253884467253627,
    "average_travel_time": 107.16429699842023
  }
}