{
  "data": {
    "total_served_vehicles": 1014,
    "delay_index": 1.2640995648454523,
    "average_travel_time": 112.68343195266272
  }
}