{
  "data": {
    "total_served_vehicles": 958,
    "delay_index": 1.261834532285643,
    "average_travel_time": 110.83820459290187
  }
}