{
  "data": {
    "total_served_vehicles": 274,
    "delay_index": 1.19446464037564,
    "average_travel_time": 90.01459854014598
  }
}