{
  "data": {
    "total_served_vehicles": 552,
    "delay_index": 1.2398704937400167,
    "average_travel_time": 104.1086956521739
  }
}