{
  "data": {
    "total_served_vehicles": 330,
    "delay_index": 1.2034191970404402,
    "average_travel_time": 94.05151515151515
  }
}