{
  "data": {
    "total_served_vehicles": 890,
    "delay_index": 1.2617920291494644,
    "average_travel_time": 108.66741573033708
  }
}