{
  "data": {
    "total_served_vehicles": 466,
    "delay_index": 1.2203003758347815,
    "average_travel_time": 100.11134903640257
  }
}