{
  "data": {
    "total_served_vehicles": 799,
    "delay_index": 1.263894077631226,
    "average_travel_time": 108.52434456928839
  }
}