{
  "data": {
    "total_served_vehicles": 101,
    "delay_index": 1.1762375750414846,
    "average_travel_time": 84.84313725490196
  }
}