{
  "data": {
    "total_served_vehicles": 63,
    "delay_index": 1.1648938060845013,
    "average_travel_time": 83.47619047619048
  }
}