{
  "data": {
    "total_served_vehicles": 214,
    "delay_index": 1.1802312687220036,
    "average_travel_time": 86.7803738317757
  }
}