{
  "data": {
    "total_served_vehicles": 158,
    "delay_index": 1.1656597911805338,
    "average_travel_time": 82.63924050632912
  }
}