{
  "data": {
    "total_served_vehicles": 722,
    "delay_index": 1.2629170683989206,
    "average_travel_time": 107.76177285318559
  }
}