{
  "data": {
    "total_served_vehicles": 387,
    "delay_index": 1.2145766329885004,
    "average_travel_time": 97.24742268041237
  }
}