{
  "data": {
    "total_served_vehicles": 101,
    "delay_index": 1.1922651837103702,
    "average_travel_time": 86.66666666666667
  }
}