{
  "data": {
    "total_served_vehicles": 1014,
    "delay_index": 1.2963426168695698,
    "average_travel_time": 115.80670611439842
  }
}