{
  "data": {
    "total_served_vehicles": 214,
    "delay_index": 1.2324651371171675,
    "average_travel_time": 90.71495327102804
  }
}