{
  "data": {
    "total_served_vehicles": 330,
    "delay_index": 1.2535904879940831,
    "average_travel_time": 98.45757575757575
  }
}