{
  "data": {
    "total_served_vehicles": 552,
    "delay_index": 1.271544468282626,
    "average_travel_time": 106.57971014492753
  }
}