{
  "data": {
    "total_served_vehicles": 958,
    "delay_index": 1.2938286621456585,
    "average_travel_time": 113.72129436325679
  }
}