{
  "data": {
    "total_served_vehicles": 890,
    "delay_index": 1.2914386037173107,
    "average_travel_time": 111.24044943820225
  }
}