{
  "data": {
    "total_served_vehicles": 1047,
    "delay_index": 1.3010076067355294,
    "average_travel_time": 117.91595033428844
  }
}