{
  "data": {
    "total_served_vehicles": 158,
    "delay_index": 1.1993460505049658,
    "average_travel_time": 84.9113924050633
  }
}