{
  "data": {
    "total_served_vehicles": 722,
    "delay_index": 1.2887724318818536,
    "average_travel_time": 110.09141274238227
  }
}