{
  "data": {
    "total_served_vehicles": 274,
    "delay_index": 1.2438061100809,
    "average_travel_time": 94.37591240875912
  }
}