{
  "data": {
    "total_served_vehicles": 633,
    "delay_index": 1.281373382317599,
    "average_travel_time": 109.35545023696683
  }
}