{
  "data": {
    "total_served_vehicles": 63,
    "delay_index": 1.178647473186028,
    "average_travel_time": 85.11111111111111
  }
}