{
  "data": {
    "total_served_vehicles": 799,
    "delay_index": 1.2926040787526338,
    "average_travel_time": 110.99250936329588
  }
}