{
  "data": {
    "total_served_vehicles": 32,
    "delay_index": 1.157093303732724,
    "average_travel_time": 73.59375
  }
}