{
  "data": {
    "total_served_vehicles": 466,
    "delay_index": 1.258339462918297,
    "average_travel_time": 103.32119914346895
  }
}