{
  "data": {
    "total_served_vehicles": 387,
    "delay_index": 1.252894097760286,
    "average_travel_time": 100.92268041237114
  }
}