{
  "data": {
    "total_served_vehicles": 552,
    "delay_index": 1.270387902075318,
    "average_travel_time": 106.63949275362319
  }
}