{
  "data": {
    "total_served_vehicles": 330,
    "delay_index": 1.2288509216238206,
    "average_travel_time": 96.54545454545455
  }
}