{
  "data": {
    "total_served_vehicles": 1014,
    "delay_index": 1.3172952583990731,
    "average_travel_time": 117.32840236686391
  }
}