{
  "data": {
    "total_served_vehicles": 722,
    "delay_index": 1.3078311657858617,
    "average_travel_time": 112.04709141274238
  }
}