{
  "data": {
    "total_served_vehicles": 1047,
    "delay_index": 1.322649280292106,
    "average_travel_time": 119.38395415472779
  }
}