{
  "data": {
    "total_served_vehicles": 214,
    "delay_index": 1.2101732346362895,
    "average_travel_time": 88.63084112149532
  }
}