{
  "data": {
    "total_served_vehicles": 466,
    "delay_index": 1.2517705463134128,
    "average_travel_time": 102.9186295503212
  }
}