{
  "data": {
    "total_served_vehicles": 101,
    "delay_index": 1.1866201936433005,
    "average_travel_time": 85.63725490196079
  }
}