{
  "data": {
    "total_served_vehicles": 63,
    "delay_index": 1.166498137265681,
    "average_travel_time": 83.36507936507937
  }
}