{
  "data": {
    "total_served_vehicles": 387,
    "delay_index": 1.2406193722491652,
    "average_travel_time": 100.6417525773196
  }
}