{
  "data": {
    "total_served_vehicles": 890,
    "delay_index": 1.3126094152928744,
    "average_travel_time": 113.19887640449438
  }
}