{
  "data": {
    "total_served_vehicles": 274,
    "delay_index": 1.2182410927272147,
    "average_travel_time": 92.12043795620438
  }
}