{
  "data": {
    "total_served_vehicles": 158,
    "delay_index": 1.1844122545988898,
    "average_travel_time": 84.4113924050633
  }
}