{
  "data": {
    "total_served_vehicles": 958,
    "delay_index": 1.3156995206946966,
    "average_travel_time": 115.59707724425887
  }
}