{
  "data": {
    "total_served_vehicles": 633,
    "delay_index": 1.29543507323143,
    "average_travel_time": 110.88467614533965
  }
}