{
  "data": {
    "total_served_vehicles": 799,
    "delay_index": 1.3105041546033072,
    "average_travel_time": 112.85518102372035
  }
}